Time (seconds),Speed (km/h),Tilt Angle (deg),Internal Temp (C),External Temp (C),Door Open,Engine Temp (C)
0,0.0,0.0,24,27,0,27.0
1,0.0,0.0,24,27,0,27.0
2,0.0,0.0,24,27,0,27.0
3,0.0,0.0,24,27,0,27.0
4,0.0,0.0,24,27,0,27.0
5,0.0,0.0,24,27,0,27.0
6,0.0,0.0,24,27,0,27.0
7,0.0,0.0,24,27,1,27.0
8,0.0,0.0,24,27,0,27.0
9,0.0,0.0,24,27,0,27.0
10,0.0,0.0,24,27,0,27.0
11,0.0,0.0,24,27,1,27.0
12,0.0,0.0,24,27,0,27.0
13,0.0,0.0,24,27,0,27.0
14,0.0,0.0,24,27,0,27.0
15,0.0,0.0,24,27,0,27.0
16,0.0,0.0,24,27,0,27.0
17,0.0,0.0,24,27,0,27.0
18,0.0,0.0,24,27,0,27.0
19,0.0,0.0,24,27,1,27.0
20,0.0,0.0,24,27,0,27.0
21,4.8,0.2,24,27,0,34.9
22,9.5,0.0,24,27,0,38.9
23,13.8,0.0,24,27,0,41.8
24,18.5,0.0,24,27,0,46.9
25,23.0,0.3,24,27,0,52.0
26,27.2,0.0,24,27,0,56.4
27,27.8,0.0,24,27,0,61.6
28,29.1,0.8,24,27,0,66.6
29,33.3,0.2,24,27,0,71.4
30,34.9,0.0,24,27,0,74.7
31,36.0,0.7,24,27,0,74.4
32,36.2,0.0,24,27,0,74.6
33,35.6,0.0,24,27,0,77.6
34,34.6,0.0,24,27,0,78.7
35,33.6,1.2,24,27,0,79.7
36,32.8,2.4,24,27,0,83.0
37,31.9,1.7,24,27,0,84.9
38,27.4,1.7,24,27,0,87.0
39,24.0,1.3,24,27,0,86.8
40,24.0,2.5,24,27,0,86.2
41,24.5,1.2,24,27,0,89.0
42,24.9,1.1,24,27,0,91.3
43,25.7,0.3,24,27,0,91.3
44,27.5,1.8,24,27,0,92.2
45,30.7,1.6,24,27,0,91.2
46,34.0,1.3,24,27,0,90.7
47,36.5,1.8,24,27,0,88.2
48,36.9,1.1,24,27,0,89.3
49,36.5,0.7,24,27,0,87.2
50,36.4,1.3,24,27,0,86.7
51,34.3,1.9,24,27,0,89.3
52,30.6,2.7,24,27,0,89.4
53,27.5,1.9,24,27,0,91.1
54,25.4,1.5,24,27,0,89.7
55,25.4,1.0,24,27,0,90.4
56,28.5,0.8,24,27,0,89.6
57,31.9,0.0,24,27,0,91.1
58,34.8,1.3,24,27,0,90.9
59,37.3,2.3,24,27,0,91.2
60,38.9,2.5,24,27,0,93.4
61,39.6,3.4,24,27,0,94.9
62,40.1,3.0,24,27,0,94.6
63,40.2,4.1,24,27,0,92.1
64,39.6,3.4,24,27,0,90.9
65,39.4,3.8,24,27,0,92.6
66,39.7,2.6,24,27,0,91.8
67,39.9,2.7,24,27,0,90.4
68,39.7,4.2,24,27,0,88.0
69,39.6,5.3,24,27,0,85.8
70,39.6,4.0,24,27,0,88.1
71,40.4,2.7,24,27,0,88.7
72,41.2,1.7,24,27,0,87.8
73,41.4,2.7,24,27,0,88.9
74,40.9,1.6,24,27,0,87.0
75,40.1,0.1,24,27,0,86.1
76,40.2,0.0,24,27,0,86.7
77,40.9,1.3,24,27,0,87.2
78,41.8,0.6,24,27,0,85.0
79,41.8,0.0,24,27,0,85.1
80,41.4,0.3,24,27,0,84.3
81,42.0,0.0,24,27,0,83.9
82,43.0,0.4,24,27,0,83.0
83,44.3,0.1,24,27,0,83.8
84,46.0,0.0,24,27,0,84.6
85,47.2,0.0,24,27,0,87.0
86,48.0,0.4,24,27,0,85.9
87,48.4,0.1,24,27,0,84.1
88,48.9,0.5,24,27,0,84.3
89,49.4,0.0,24,27,0,85.6
90,49.4,0.8,24,27,0,88.0
91,49.1,0.0,24,27,0,87.5
92,48.9,1.4,24,27,0,85.6
93,48.8,2.1,24,27,0,85.7
94,48.9,2.7,24,27,0,86.6
95,49.6,2.8,24,27,0,85.3
96,48.9,3.6,24,27,0,87.1
97,48.1,4.9,24,27,0,87.7
98,47.5,4.1,24,27,0,87.3
99,48.0,2.7,24,27,0,87.7
100,48.8,3.5,24,27,0,86.6
101,49.4,3.5,24,27,0,89.4
102,49.7,4.3,24,28,0,87.1
103,49.9,4.1,24,28,0,87.5
104,49.7,3.0,24,28,0,85.4
105,48.9,1.6,24,29,0,88.1
106,48.0,2.5,24,29,0,90.3
107,48.1,3.9,24,29,0,89.3
108,48.6,4.7,24,29,0,89.4
109,49.4,3.5,24,29,0,91.2
110,50.2,4.6,24,29,0,90.3
111,51.2,5.6,24,29,0,90.8
112,51.8,4.3,24,29,0,88.8
113,52.1,3.3,24,29,0,87.4
114,51.8,3.8,24,29,0,89.2
115,51.0,2.9,24,29,0,89.9
116,46.0,3.2,24,29,0,88.2
117,40.7,1.9,24,28,0,86.4
118,35.4,2.8,24,28,0,86.9
119,30.1,3.9,24,28,0,85.6
120,24.8,3.9,24,28,0,85.0
121,19.5,2.5,24,28,0,87.6
122,14.2,3.4,24,28,0,89.0
123,8.9,2.1,24,28,0,90.5
124,3.5,0.9,24,28,0,88.6
125,0.0,0.9,24,28,0,82.5
126,0.0,0.9,24,28,0,77.0
127,0.0,0.9,24,28,1,72.1
128,0.0,0.9,24,28,1,67.7
129,0.0,0.9,24,28,0,63.7
130,0.0,0.9,24,28,0,60.1
131,0.0,0.9,24,28,0,56.9
132,0.0,0.9,24,28,0,54.0
133,0.0,0.9,24,28,0,51.4
134,0.0,0.9,24,28,0,49.1
135,0.0,0.9,24,28,1,47.0
136,0.0,0.9,24,28,0,45.1
137,0.0,0.9,24,28,0,43.4
138,0.0,0.9,24,28,0,41.9
139,0.0,0.9,24,28,1,40.5
140,0.0,0.9,24,28,0,39.2
141,0.0,0.9,24,28,0,38.1
142,0.0,0.9,24,28,0,37.1
143,0.0,0.9,24,28,0,36.2
144,0.0,0.9,24,28,0,35.4
145,0.0,0.9,24,28,0,34.7
146,0.0,0.9,24,28,0,34.0
147,0.0,0.9,24,28,0,33.4
148,0.0,0.9,24,28,0,32.9
149,0.0,0.9,24,28,0,32.4
150,0.0,0.9,24,28,1,32.0
151,0.0,0.9,24,28,0,31.6
152,0.0,0.9,24,28,1,31.2
153,0.0,0.9,24,28,0,30.9
154,0.0,0.9,24,28,0,30.6
155,0.0,0.9,24,28,0,30.3
156,0.0,0.9,24,28,0,30.1
157,0.0,0.9,24,28,0,29.9
158,0.0,0.9,24,28,0,29.7
159,0.0,0.9,24,28,0,29.5
160,0.0,0.9,24,28,0,29.4
161,0.0,0.9,24,28,0,29.3
162,0.0,0.9,24,28,0,29.2
163,0.0,0.9,24,28,1,29.1
164,5.3,1.8,24,28,0,34.3
165,10.6,1.0,24,28,0,39.3
166,15.9,2.3,24,28,0,44.8
167,21.2,3.2,24,28,0,49.6
168,26.6,4.0,24,28,0,55.1
169,31.9,3.2,24,28,0,56.4
170,35.7,3.3,24,28,0,58.1
171,39.1,2.4,24,28,0,60.8
172,41.5,3.7,24,28,0,63.9
173,42.5,2.7,24,28,0,66.6
174,41.4,2.5,24,28,0,67.1
175,40.4,3.2,24,28,0,67.2
176,39.7,2.1,24,28,0,68.4
177,40.2,2.2,24,28,0,68.5
178,40.6,1.0,24,28,0,68.9
179,40.9,1.6,24,28,0,73.4
180,41.5,0.4,24,28,0,77.2
181,43.8,0.0,24,28,0,80.1
182,42.6,1.3,24,28,0,80.9
183,38.6,1.0,24,28,0,81.2
184,36.5,0.4,24,28,0,82.3
185,31.2,0.0,24,28,0,85.0
186,28.5,1.0,24,28,0,87.8
187,27.7,0.4,24,28,0,86.7
188,29.1,0.5,24,28,0,88.9
189,29.9,0.4,24,28,0,91.1
190,32.2,0.0,24,28,0,93.0
191,35.7,0.4,24,28,0,91.5
192,39.4,1.9,24,28,0,93.7
193,43.9,1.4,24,28,0,93.1
194,49.1,1.5,24,28,0,90.9
195,53.9,2.6,24,28,0,90.6
196,58.3,2.6,24,28,0,88.2
197,60.0,4.0,24,28,0,86.2
198,63.2,4.1,24,28,0,87.1
199,65.2,4.6,24,28,0,85.6
200,67.8,5.7,24,28,0,88.3
201,70.0,6.2,24,28,0,86.7
202,72.6,7.5,24,28,0,85.7
203,74.0,8.6,24,28,0,84.1
204,75.3,8.7,24,28,0,86.7
205,76.4,8.4,24,28,0,87.9
206,76.4,7.1,24,28,0,87.8
207,76.1,6.2,24,28,0,86.7
208,76.0,5.8,24,28,0,85.3
209,75.6,5.5,24,28,0,86.2
210,75.6,4.6,24,28,0,86.3
211,75.6,6.0,24,28,0,85.6
212,75.6,5.6,24,28,0,84.4
213,75.6,5.8,24,28,0,86.2
214,76.0,4.6,24,28,0,84.7
215,76.3,5.0,24,28,0,84.1
216,77.1,3.7,24,28,0,83.6
217,78.1,3.4,24,28,0,82.9
218,79.0,4.3,24,28,0,81.6
219,79.7,3.9,24,28,0,83.9
220,80.5,4.9,24,28,0,82.2
221,81.4,5.1,24,28,0,84.7
222,82.1,4.3,24,28,0,86.9
223,82.9,4.2,24,28,0,86.2
224,84.0,5.1,24,28,0,84.2
225,85.6,4.3,24,28,0,82.6
226,87.1,3.1,24,28,0,85.6
227,87.9,1.9,24,28,0,88.2
228,88.4,2.1,24,28,0,87.1
229,88.5,2.4,24,28,0,86.5
230,88.4,1.8,24,28,0,87.5
231,87.9,0.4,24,28,0,90.0
232,87.9,0.0,24,28,0,87.9
233,88.2,1.0,24,28,0,89.5
234,88.7,0.8,24,28,0,92.0
235,89.3,1.5,24,28,0,89.5
236,89.6,1.4,24,28,0,91.5
237,90.3,0.2,24,28,0,93.1
238,90.6,1.4,24,28,0,91.3
239,91.1,2.5,24,28,0,90.3
240,91.2,1.9,24,28,0,89.3
241,91.2,1.5,24,28,0,89.0
242,90.9,2.9,24,28,0,90.2
243,90.9,3.5,24,28,0,92.3
244,90.9,2.2,24,28,0,92.0
245,90.9,3.6,24,28,0,91.0
246,90.9,4.1,24,28,0,90.5
247,90.9,4.0,24,28,0,91.2
248,90.8,4.2,24,28,0,91.8
249,90.3,5.3,24,28,0,93.3
250,89.8,4.2,24,28,0,92.6
251,88.7,3.9,24,28,0,92.9
252,87.9,3.6,24,28,0,90.5
253,87.2,4.8,24,28,0,89.1
254,86.9,5.8,24,28,0,91.6
255,86.4,6.9,24,28,0,89.6
256,86.3,6.8,24,28,0,88.3
257,86.7,7.3,24,28,0,86.5
258,86.9,6.4,24,28,0,88.0
259,87.1,5.2,24,28,0,88.0
260,87.1,4.4,24,28,0,87.9
261,86.6,3.6,24,28,0,88.2
262,85.9,2.5,24,28,0,89.1
263,85.3,3.3,24,28,0,91.2
264,84.6,4.6,24,28,0,93.4
265,83.8,4.4,24,28,0,93.5
266,84.3,3.2,24,28,0,91.6
267,83.7,4.1,24,28,0,90.5
268,83.5,4.7,24,28,0,89.9
269,83.2,4.2,24,28,0,87.7
270,82.9,3.3,24,28,0,88.3
271,83.0,3.1,24,28,0,86.0
272,83.4,2.7,24,28,0,88.0
273,83.8,4.0,24,28,0,88.6
274,84.5,3.4,24,28,0,86.9
275,85.3,3.6,24,28,0,85.6
276,86.1,4.7,24,28,0,87.5
277,86.9,5.1,24,28,0,86.5
278,88.4,6.2,24,28,0,86.3
279,89.2,6.1,24,28,0,85.6
280,89.5,5.4,24,28,0,87.8
281,90.1,5.0,24,28,0,87.5
282,90.1,5.6,24,28,0,86.2
283,89.8,6.4,24,28,0,86.5
284,88.8,7.5,24,28,0,85.3
285,87.7,7.2,24,28,0,84.9
286,86.3,7.7,24,28,0,84.6
287,84.5,8.3,24,28,0,85.2
288,82.9,8.2,24,28,0,85.0
289,82.9,6.8,24,28,0,86.2
290,82.9,7.1,24,28,0,85.0
291,82.2,6.2,24,28,0,83.6
292,80.6,6.3,24,28,0,82.1
293,80.5,5.0,24,28,0,84.0
294,80.6,4.1,24,28,0,86.7
295,80.5,5.3,24,28,0,86.2
296,79.8,5.0,24,28,0,87.4
297,79.7,3.9,24,28,0,85.3
298,79.7,4.1,24,28,0,86.7
299,79.7,3.4,24,28,0,85.0
300,79.0,4.6,24,28,0,86.1
301,78.2,4.1,24,28,0,88.9
302,77.4,3.5,24,28,0,87.5
303,76.0,3.1,24,28,0,86.6
304,74.2,1.7,24,28,0,88.6
305,72.4,0.5,24,28,0,90.1
306,70.5,0.7,24,28,0,88.2
307,68.6,0.0,24,28,0,89.9
308,66.8,0.0,24,28,0,88.5
309,64.9,0.0,24,28,0,87.7
310,62.0,0.0,24,28,0,89.5
311,59.5,0.0,24,28,0,88.2
312,56.6,1.1,24,28,0,86.0
313,54.4,1.9,24,28,0,85.1
314,52.3,3.4,24,28,0,86.9
315,50.7,3.7,24,28,0,85.3
316,49.2,3.2,24,28,0,83.7
317,49.1,4.2,24,28,0,86.0
318,48.3,3.3,24,28,0,88.7
319,46.7,4.3,24,28,0,88.4
320,44.3,3.6,24,28,0,90.4
321,39.9,2.5,24,28,0,92.3
322,34.6,3.7,24,28,0,91.5
323,32.3,2.4,24,28,0,90.8
324,30.7,2.2,24,28,0,90.2
325,29.8,0.8,24,28,0,90.3
326,27.4,1.8,24,28,0,92.3
327,24.9,2.0,24,28,0,94.1
328,20.1,0.6,24,28,0,96.4
329,17.4,1.8,24,28,0,97.5
330,12.9,1.2,24,28,0,95.6
331,7.6,2.6,24,28,0,96.2
332,2.3,2.7,24,28,0,96.8
333,0.0,2.7,24,28,1,89.9
334,0.0,2.7,24,28,0,83.7
335,0.0,2.7,24,28,0,78.1
336,0.0,2.7,24,28,0,73.1
337,0.0,2.7,24,28,0,68.6
338,0.0,2.7,24,28,0,64.5
339,0.0,2.7,24,28,1,60.8
340,0.0,2.7,24,28,0,57.5
341,0.0,2.7,24,28,0,54.6
342,0.0,2.7,24,28,1,51.9
343,0.0,2.7,24,28,0,49.5
344,0.0,2.7,24,28,0,47.4
345,0.0,2.7,24,28,0,45.5
346,0.0,2.7,24,28,1,43.8
347,1.6,3.9,24,28,0,50.4
348,6.9,3.6,24,28,0,57.0
349,12.2,4.5,24,28,0,62.2
350,17.5,4.0,24,28,0,66.6
351,22.9,3.8,24,28,0,67.4
352,27.8,2.9,24,28,0,67.5
353,32.2,2.4,24,28,0,71.6
354,36.2,1.0,24,28,0,71.9
355,38.1,0.1,24,28,0,72.9
356,40.6,0.4,24,28,0,72.3
357,42.8,0.2,24,28,0,72.6
358,45.2,1.6,24,28,0,73.7
359,48.3,0.2,24,28,0,74.1
360,49.6,0.2,24,28,0,78.2
361,50.9,0.4,24,28,0,80.4
362,51.7,0.0,24,28,0,82.3
363,52.8,0.0,24,28,0,82.2
364,54.1,0.0,24,28,0,81.2
365,55.5,0.0,24,28,0,80.2
366,55.7,1.3,24,28,0,82.6
367,56.2,0.5,24,28,0,84.0
368,56.0,0.2,24,28,0,86.6
369,55.5,0.0,24,28,0,88.5
370,55.8,1.0,24,28,0,86.2
371,57.1,1.9,24,28,0,84.7
372,57.9,1.1,24,28,0,82.9
373,57.9,2.3,24,28,0,82.2
374,57.9,1.4,24,28,0,81.5
375,57.9,1.1,24,28,0,81.3
376,57.9,1.4,24,28,0,83.2
377,57.9,1.9,24,28,0,86.1
378,58.1,2.3,24,28,0,86.6
379,58.6,2.0,24,28,0,86.8
380,58.7,1.3,24,28,0,86.3
381,58.6,2.7,24,28,0,86.1
382,57.9,4.0,24,28,0,87.5
383,56.5,3.7,24,28,0,86.9
384,54.9,2.4,24,28,0,89.3
385,53.9,1.3,24,28,0,88.2
386,50.5,2.4,24,28,0,90.9
387,46.7,2.6,24,28,0,91.7
388,41.4,3.0,24,28,0,90.5
389,37.0,3.6,24,28,0,88.8
390,32.7,4.8,24,28,0,91.3
391,28.2,5.2,24,28,0,93.2
392,23.3,4.3,24,29,0,91.5
393,19.3,3.0,24,29,0,89.5
394,14.0,3.3,24,29,0,92.2
395,8.7,2.5,24,29,0,94.5
396,3.4,2.3,24,29,0,96.2
397,0.0,2.3,24,29,0,89.5
398,0.0,2.3,24,29,1,83.4
399,0.0,2.3,24,29,0,78.0
400,0.0,2.3,24,29,0,73.1
401,0.0,2.3,24,29,0,68.7
402,0.0,2.3,24,29,0,64.7
403,4.2,2.9,24,29,0,65.7
404,9.5,2.8,24,29,0,66.5
405,14.8,2.3,24,29,0,71.4
406,20.1,1.8,24,29,0,73.3
407,25.4,1.6,24,29,0,73.8
408,30.7,2.0,24,29,0,73.2
409,36.0,1.0,24,29,0,73.1
410,40.2,1.4,24,29,0,75.0
411,41.2,1.9,24,29,0,78.0
412,44.3,2.6,24,29,0,78.1
413,46.7,1.7,24,29,0,77.6
414,48.3,1.6,24,29,0,81.0
415,48.4,0.1,24,29,0,80.7
416,48.3,0.0,24,29,0,82.3
417,47.8,0.0,24,29,0,82.9
418,47.2,0.0,24,29,0,86.0
419,46.3,0.0,24,29,0,86.2
420,45.1,1.4,24,29,0,85.0
421,40.2,1.7,24,29,0,83.9
422,34.9,1.2,24,29,0,85.6
423,29.6,2.3,24,29,0,85.0
424,24.3,1.6,24,29,0,85.5
425,19.0,1.9,24,29,0,85.4
426,13.7,2.2,24,29,0,85.0
427,8.4,2.4,24,29,0,86.5
428,3.1,2.9,24,29,0,86.9
429,0.0,2.9,24,29,0,81.1
430,0.0,2.9,24,29,0,75.9
431,0.0,2.9,24,29,0,71.2
432,0.0,2.9,24,29,1,67.0
433,0.0,2.9,24,29,0,63.2
434,0.0,2.9,24,29,0,59.8
435,0.0,2.9,24,29,0,56.7
436,0.0,2.9,24,29,0,53.9
437,0.0,2.9,24,29,0,51.4
438,0.0,2.9,24,29,0,49.2
439,0.0,2.9,24,29,0,47.2
440,0.0,2.9,24,29,1,45.4
441,0.0,2.9,24,29,0,43.8
442,0.0,2.9,24,29,0,42.3
443,0.0,2.9,24,29,0,41.0
444,0.0,2.9,24,29,0,39.8
445,0.0,2.9,24,29,0,38.7
446,0.0,2.9,24,29,0,37.7
447,0.0,2.9,24,29,0,36.8
448,5.3,3.1,24,29,0,44.0
449,10.6,4.2,24,29,0,46.4
450,15.9,5.0,24,29,0,49.6
451,21.2,4.9,24,29,0,52.3
452,26.6,6.3,24,29,0,55.9
453,31.9,6.5,24,29,0,61.0
454,37.2,7.4,24,29,0,61.8
455,42.5,7.3,24,29,0,66.9
456,44.7,8.4,24,29,0,69.3
457,46.8,9.2,24,29,0,70.9
458,50.7,10.0,24,29,0,73.6
459,53.1,9.6,24,29,0,73.1
460,54.1,10.0,24,29,0,76.0
461,56.0,8.7,24,29,0,77.0
462,56.5,9.8,24,29,0,77.6
463,57.3,8.4,24,29,0,80.6
464,58.1,8.6,24,29,0,83.5
465,57.9,10.1,24,29,0,84.0
466,58.1,11.4,24,29,0,84.3
467,58.3,12.5,24,29,0,87.2
468,57.9,13.8,24,29,0,87.3
469,57.5,12.5,24,29,0,87.5
470,57.9,13.6,24,29,0,87.6
471,57.9,12.2,24,29,0,89.0
472,57.3,11.3,24,29,0,91.2
473,57.1,12.4,24,29,0,92.9
474,57.0,13.0,24,29,0,93.3
475,56.6,13.2,24,29,0,93.4
476,56.6,13.3,24,29,0,92.9
477,56.6,13.7,24,29,0,90.9
478,56.6,14.7,24,29,0,89.3
479,56.6,14.0,24,29,0,89.1
480,56.6,14.3,24,29,0,88.3
481,56.3,14.1,24,29,0,90.6
482,56.5,14.3,24,29,0,92.5
483,56.6,14.1,24,29,0,92.2
484,57.1,13.3,24,29,0,89.5
485,56.6,12.8,24,29,0,89.2
486,56.3,11.6,24,29,0,91.0
487,56.3,13.0,24,29,0,93.4
488,56.3,14.4,24,29,0,92.8
489,56.0,15.8,24,29,0,90.8
490,55.7,15.4,24,29,0,90.3
491,55.5,16.7,24,29,0,90.7
492,53.9,16.1,24,29,0,92.7
493,51.5,15.2,24,29,0,94.0
494,48.4,16.2,24,29,0,92.4
495,45.1,15.6,24,29,0,92.0
496,41.0,15.9,24,29,0,89.4
497,36.2,15.6,24,29,0,91.7
498,31.9,16.6,24,29,0,92.1
499,26.6,17.9,24,29,0,93.6
500,21.2,19.1,24,29,0,91.8
501,16.6,19.4,24,29,0,90.4
502,11.6,20.0,24,29,0,92.2
503,6.4,20.0,24,29,0,91.9
504,1.6,20.0,24,29,0,90.4
505,0.0,20.0,24,29,0,84.3
506,0.0,20.0,24,29,0,78.8
507,0.0,20.0,24,29,0,73.8
508,0.0,20.0,24,29,0,69.3
509,0.0,20.0,24,29,0,65.3
510,0.0,20.0,24,29,0,61.7
511,1.9,18.8,24,29,0,64.4
512,5.6,17.8,24,29,0,64.8
513,8.9,18.3,24,29,0,70.0
514,10.5,18.3,24,29,0,71.1
515,13.7,18.6,24,29,0,74.6
516,15.4,19.3,24,29,0,76.8
517,16.9,18.0,24,29,0,80.7
518,19.2,19.1,24,29,0,79.7
519,22.5,18.8,24,29,0,82.8
520,25.7,20.0,24,29,0,83.8
521,28.5,18.6,24,29,0,86.5
522,30.6,18.2,24,29,0,89.3
523,32.3,18.2,24,29,0,87.7
524,33.8,17.3,24,29,0,88.7
525,35.4,17.3,24,29,0,88.9
526,37.0,17.1,24,29,0,88.0
527,38.3,17.7,24,29,0,88.2
528,39.4,17.0,24,29,0,88.4
529,40.1,18.3,24,29,0,90.0
530,40.2,17.5,24,29,0,87.6
531,40.2,17.9,24,29,0,86.7
532,40.2,19.0,24,29,0,86.3
533,40.2,18.8,24,29,0,86.9
534,40.2,17.5,24,29,0,85.4
535,40.2,18.2,24,29,0,86.0
536,41.2,17.6,24,29,0,88.4
537,41.5,17.8,24,29,0,89.3
538,41.8,18.0,24,29,0,89.5
539,41.2,17.4,24,29,0,90.2
540,40.6,18.4,24,29,0,90.3
541,40.2,19.3,24,29,0,89.6
542,40.2,18.0,24,29,0,87.8
543,40.2,17.4,24,29,0,86.9
544,39.3,18.8,24,29,0,87.3
545,37.2,18.3,24,29,0,86.3
546,31.9,17.1,24,29,0,84.2
547,26.6,17.4,24,29,0,84.4
548,21.2,17.5,24,29,0,83.1
549,15.9,16.7,24,29,0,85.1
550,10.6,15.6,24,29,0,87.9
551,5.3,15.3,24,29,0,88.7
552,0.0,15.3,24,29,1,82.7
553,0.0,15.3,24,29,0,77.3
554,0.0,15.3,24,29,0,72.5
555,0.0,15.3,24,29,0,68.2
556,0.0,15.3,24,29,0,64.3
557,0.0,15.3,24,29,1,60.8
558,0.0,15.3,24,29,0,57.6
559,0.0,15.3,24,29,0,54.7
560,0.0,15.3,24,29,1,52.1
561,0.0,15.3,24,29,1,49.8
562,0.0,15.3,24,29,0,47.7
563,0.0,15.3,24,29,0,45.8
564,0.0,15.3,24,29,0,44.1
565,0.0,15.3,24,29,0,42.6
566,0.0,15.3,24,29,0,41.2
567,0.0,15.3,24,29,0,40.0
568,0.0,15.3,24,29,0,38.9
569,5.3,14.9,24,29,0,46.0
570,10.6,16.3,24,29,0,50.2
571,15.9,16.1,24,29,0,52.5
572,20.9,15.7,24,29,0,54.1
573,23.5,16.5,24,29,0,57.9
574,25.7,16.0,24,29,0,62.3
575,27.4,16.2,24,29,0,65.6
576,27.4,15.6,24,29,0,66.3
577,27.4,16.9,24,29,0,69.4
578,28.2,16.3,24,29,0,74.2
579,28.5,16.8,24,29,0,77.0
580,28.5,16.1,24,29,0,80.0
581,28.2,14.8,24,29,0,82.9
582,27.4,14.3,24,29,0,83.1
583,27.2,14.3,24,29,0,84.3
584,26.7,15.5,24,29,0,86.3
585,27.4,16.7,24,29,0,85.8
586,27.5,17.2,24,29,0,87.7
587,27.4,18.0,24,29,0,87.8
588,26.7,17.5,24,29,0,86.5
589,26.6,16.4,24,29,0,86.4
590,26.6,16.9,24,29,0,84.7
591,26.7,17.2,24,29,0,84.1
592,27.4,15.8,24,29,0,84.4
593,28.3,14.9,24,29,0,85.7
594,29.8,13.7,24,29,0,86.2
595,30.9,13.6,24,29,0,85.5
596,32.5,13.3,24,29,0,84.7
597,33.8,14.1,24,29,0,87.7
598,34.0,15.6,24,29,0,86.0
599,34.1,14.9,24,29,0,84.8
600,34.8,14.1,24,29,0,85.3
601,35.4,14.3,24,29,0,85.5
602,36.0,12.8,24,29,0,88.3
603,36.2,13.6,24,29,0,90.4
604,36.2,12.7,24,29,0,88.1
605,36.2,11.2,24,29,0,89.7
606,36.5,12.0,24,29,0,91.7
607,38.1,11.7,24,29,0,91.9
608,40.4,11.8,24,29,0,90.3
609,41.8,10.4,24,29,0,90.8
610,42.6,9.3,24,29,0,88.5
611,43.5,9.0,24,29,0,88.8
612,42.0,9.2,24,29,0,89.2
613,36.7,10.5,24,29,0,91.1
614,31.4,11.0,24,29,0,93.4
615,26.1,12.3,24,29,0,94.7
616,20.8,13.0,24,29,0,92.3
617,15.4,12.5,24,29,0,94.0
618,10.1,12.7,24,29,0,94.8
619,4.8,13.6,24,29,0,95.6
620,0.0,13.6,24,29,0,88.9
621,0.0,13.6,24,29,1,82.9
622,0.0,13.6,24,29,0,77.5
623,0.0,13.6,24,29,0,72.6
624,0.0,13.6,24,29,0,68.2
625,0.0,13.6,24,29,0,64.3
626,0.0,13.6,24,29,0,60.8
627,0.0,13.6,24,29,0,57.6
628,0.0,13.6,24,29,1,54.7
629,0.0,13.6,24,29,0,52.1
630,0.0,13.6,24,29,0,49.8
631,0.0,13.6,24,29,0,47.7
632,0.0,13.6,24,29,0,45.8
633,0.0,13.6,24,29,0,44.1
634,0.0,13.6,24,29,1,42.6
635,0.0,13.6,24,29,0,41.2
636,0.0,13.6,24,29,0,40.0
637,0.0,13.6,24,29,0,38.9
638,0.0,13.6,24,29,0,37.9
639,0.0,13.6,24,29,0,37.0
640,0.0,13.6,24,29,0,36.2
641,0.0,13.6,24,29,0,35.5
642,0.0,13.6,24,29,0,34.8
643,0.0,13.6,24,29,0,34.2
644,0.0,13.6,24,29,0,33.7
645,0.0,13.6,24,29,1,33.2
646,3.2,13.4,24,29,0,38.4
647,7.2,13.6,24,29,0,46.3
648,12.6,12.7,24,29,0,51.8
649,16.4,12.6,24,29,0,56.7
650,20.1,11.6,24,29,0,61.7
651,22.5,12.7,24,29,0,65.5
652,24.6,11.6,24,29,0,70.4
653,28.2,12.9,24,29,0,71.5
654,31.5,13.9,24,29,0,71.0
655,33.8,13.3,24,29,0,73.1
656,35.7,12.4,24,29,0,76.3
657,37.5,11.2,24,29,0,75.4
658,39.4,11.9,24,29,0,74.8
659,40.7,10.5,24,29,0,78.2
660,41.2,11.8,24,29,0,80.9
661,41.8,12.3,24,29,0,80.8
662,42.0,12.6,24,29,0,81.2
663,42.2,12.5,24,29,0,84.0
664,42.2,12.6,24,29,0,83.3
665,42.5,13.5,24,29,0,84.4
666,42.6,14.1,24,29,0,86.6
667,42.6,15.0,24,29,0,84.8
668,41.8,14.8,24,29,0,87.4
669,41.0,14.6,24,29,0,85.3
670,38.0,15.1,24,29,0,88.2
671,34.4,14.3,24,29,0,86.0
672,29.8,13.2,24,29,0,89.1
673,26.4,11.8,24,29,0,87.9
674,23.3,12.2,24,29,0,88.5
675,18.7,13.0,24,29,0,88.3
676,14.0,12.6,24,29,0,89.2
677,9.3,11.2,24,29,0,91.6
678,5.6,12.6,24,29,0,93.6
679,3.2,11.1,24,29,0,91.5
680,0.0,11.1,24,29,0,85.2
681,0.0,11.1,24,29,1,79.6
682,0.0,11.1,24,29,0,74.5
683,0.0,11.1,24,29,0,70.0
684,0.0,11.1,24,29,0,65.9
685,0.0,11.1,24,29,0,62.2
686,0.0,11.1,24,29,0,58.9
687,0.0,11.1,24,29,0,55.9
688,0.0,11.1,24,29,0,53.2
689,0.0,11.1,24,29,0,50.8
690,0.0,11.1,24,29,0,48.6
691,0.0,11.1,24,29,0,46.6
692,0.0,11.1,24,29,0,44.8
693,0.0,11.1,24,29,1,43.2
694,2.3,11.2,24,29,0,49.9
695,5.3,10.0,24,29,0,53.7
696,7.1,11.0,24,29,0,55.9
697,10.5,9.9,24,29,0,61.1
698,14.8,9.5,24,29,0,63.7
699,18.2,10.3,24,29,0,64.7
700,21.7,10.9,24,29,0,69.3
701,23.5,12.0,24,29,0,70.5
702,26.4,10.6,24,29,0,72.2
703,26.9,10.0,24,29,0,71.8
704,26.6,11.3,24,29,0,73.1
705,26.6,11.6,24,29,0,72.6
706,29.3,12.7,24,29,0,72.2
707,30.9,11.7,24,29,0,76.4
708,32.3,13.2,24,29,0,77.8
709,34.6,12.3,24,29,0,80.7
710,36.2,12.0,24,29,0,81.8
711,36.2,12.7,24,29,0,83.1
712,35.6,14.2,24,29,0,83.7
713,36.5,15.4,24,29,0,81.9
714,37.5,16.2,24,29,0,85.0
715,37.8,15.3,24,29,0,87.5
716,36.2,14.5,24,29,0,86.7
717,34.8,15.7,24,29,0,88.0
718,33.0,16.3,24,29,0,90.3
719,29.0,16.2,24,29,0,89.3
720,24.1,16.5,24,29,0,88.0
721,19.3,15.3,24,29,0,89.0
722,14.5,14.3,24,29,0,88.1
723,10.0,15.6,24,29,0,87.2
724,7.2,14.1,24,29,0,89.9
725,4.8,14.5,24,29,0,91.1
726,3.4,13.5,24,29,0,89.2
727,0.8,13.0,24,29,0,87.1
728,0.8,13.2,24,29,0,90.0
729,5.1,11.9,24,29,0,88.1
730,10.5,11.8,24,29,0,87.6
731,15.4,12.3,24,29,0,87.2
732,20.1,12.5,24,29,0,89.2
733,22.5,12.4,24,29,0,87.2
734,25.7,12.7,24,28,0,89.0
735,29.0,13.2,24,28,0,91.6
736,31.5,13.6,24,28,0,92.4
737,34.6,13.9,24,28,0,93.8
738,37.2,13.0,24,28,0,95.5
739,39.4,11.6,24,28,0,93.3
740,41.0,11.0,24,28,0,92.7
741,42.6,10.6,24,28,0,90.2
742,43.6,10.6,24,28,0,89.7
743,44.4,11.6,24,28,0,92.1
744,44.9,10.7,24,28,0,91.2
745,45.5,11.4,24,28,0,89.6
746,46.0,12.6,24,28,0,87.8
747,46.0,13.9,24,28,0,87.7
748,45.5,14.1,24,28,0,87.1
749,45.4,13.5,24,28,0,88.3
750,45.1,15.0,24,28,0,87.0
751,44.3,14.7,24,28,0,87.9
752,43.1,14.7,24,28,0,89.9
753,41.0,15.7,24,28,0,91.0
754,37.8,16.9,24,28,0,90.9
755,34.6,16.8,24,28,0,93.3
756,30.6,15.7,24,28,0,92.4
757,26.6,15.0,24,28,0,90.9
758,24.0,14.9,24,28,0,90.9
759,20.1,14.3,24,28,0,89.0
760,15.1,15.6,24,28,0,88.9
761,10.0,16.3,24,28,0,89.2
762,4.8,17.0,24,28,0,89.3
763,2.4,17.6,24,28,0,91.8
764,2.4,17.4,24,28,0,90.3
765,0.8,18.8,24,28,0,92.1
766,0.0,18.8,24,28,0,85.7
767,4.8,18.7,24,28,0,84.1
768,10.1,19.8,24,28,0,82.7
769,15.4,18.9,24,28,0,82.4
770,20.8,20.0,24,28,0,82.6
771,25.4,20.0,24,28,0,84.0
772,28.2,18.6,24,28,0,85.0
773,29.6,17.2,24,28,0,84.8
774,31.4,17.2,24,28,0,86.6
775,33.3,16.9,24,28,0,85.1
776,35.4,17.8,24,28,0,86.3
777,37.3,18.9,24,28,0,87.9
778,40.2,19.5,24,28,0,90.4
779,42.6,18.4,24,28,0,90.0
780,44.3,19.5,24,28,0,90.6
781,45.1,19.7,24,28,0,89.3
782,45.5,20.0,24,28,0,89.9
783,46.5,20.0,24,28,0,90.8
784,46.5,19.9,24,28,0,91.2
785,46.5,20.0,24,28,0,92.5
786,46.3,20.0,24,28,0,93.6
787,45.9,20.0,24,28,0,92.5
788,45.5,20.0,24,28,0,94.6
789,45.5,19.9,24,28,0,95.7
790,45.5,19.1,24,28,0,95.0
791,45.4,18.0,24,28,0,93.7
792,44.4,16.6,24,28,0,94.8
793,44.3,15.3,24,28,0,93.9
794,44.3,15.8,24,28,0,91.9
795,44.3,16.8,24,28,0,93.9
796,44.3,16.8,24,28,0,93.0
797,44.3,17.6,24,28,0,93.5
798,44.3,17.8,24,28,0,95.1
799,44.4,19.1,24,28,0,96.2
800,45.1,18.8,24,28,0,93.7
801,45.9,19.8,24,28,0,91.8
802,48.3,18.7,24,28,0,90.8
803,49.9,18.0,24,28,0,89.9
804,51.5,19.1,24,28,0,87.9
805,53.1,18.7,24,28,0,89.8
806,53.1,17.8,24,28,0,87.4
807,54.1,18.7,24,28,0,88.3
808,54.7,19.5,24,28,0,87.8
809,55.2,20.0,24,28,0,89.1
810,55.0,18.8,24,28,0,91.6
811,54.7,18.7,24,28,0,91.8
812,54.7,17.4,24,28,0,90.5
813,54.6,16.2,24,28,0,89.7
814,54.1,16.0,24,28,0,91.7
815,53.3,17.5,24,28,0,92.0
816,53.1,18.5,24,28,0,93.4
817,52.3,19.5,24,28,0,93.0
818,51.5,20.0,24,28,0,93.3
819,51.3,18.7,24,28,0,94.2
820,50.9,18.5,24,28,0,93.0
821,50.7,17.8,24,28,0,94.8
822,49.2,17.4,24,28,0,94.9
823,48.3,16.0,24,28,0,93.6
824,48.1,14.6,24,28,0,94.7
825,48.1,15.2,24,28,0,95.6
826,48.1,16.5,24,28,0,96.7
827,48.1,15.4,24,28,0,94.6
828,47.6,14.0,24,28,0,93.5
829,47.5,14.0,24,28,0,95.2
830,47.5,12.8,24,28,0,92.5
831,47.2,12.6,24,28,0,92.2
832,46.5,11.8,24,28,0,90.4
833,45.4,12.6,24,28,0,89.0
834,44.6,12.6,24,28,0,90.2
835,43.5,13.1,24,28,0,87.8
836,41.0,14.6,24,28,0,90.2
837,38.1,14.2,24,28,0,88.1
838,35.4,15.0,24,28,0,88.8
839,33.0,15.4,24,28,0,87.6
840,30.9,14.1,24,28,0,85.5
841,30.9,12.7,24,28,0,87.3
842,32.3,12.8,24,28,0,87.9
843,33.6,11.8,24,28,0,87.9
844,34.4,11.5,24,28,0,87.6
845,35.4,11.2,24,28,0,88.7
846,36.4,11.5,24,28,0,88.3
847,37.3,12.2,24,28,0,86.3
848,38.6,13.5,24,28,0,86.6
849,40.2,13.3,24,28,0,88.1
850,41.8,12.3,24,28,0,88.5
851,42.8,10.9,24,28,0,89.2
852,42.8,10.6,24,28,0,87.6
853,43.1,9.2,24,28,0,86.1
854,43.5,10.0,24,28,0,84.2
855,43.8,10.0,24,28,0,83.6
856,44.7,9.3,24,28,0,84.2
857,45.2,8.3,24,28,0,87.2
858,46.3,9.6,24,28,0,87.9
859,46.5,10.2,24,28,0,86.2
860,46.7,10.3,24,28,0,88.3
861,46.8,11.1,24,28,0,90.7
862,46.7,11.4,24,28,0,90.3
863,45.2,12.6,24,28,0,89.9
864,44.3,12.3,24,28,0,91.6
865,43.5,12.2,24,28,0,91.2
866,41.5,13.5,24,28,0,88.8
867,40.2,13.8,24,28,0,88.8
868,39.4,13.8,24,28,0,86.9
869,39.9,13.4,24,28,0,84.8
870,40.4,12.7,24,28,0,84.7
871,41.0,13.6,24,28,0,86.1
872,41.4,14.3,24,28,0,85.8
873,42.2,13.7,24,28,0,87.0
874,43.3,13.6,25,28,0,85.0
875,44.3,13.1,25,28,0,83.9
876,44.7,13.2,25,28,0,85.2
877,45.7,14.1,25,28,0,86.8
878,46.7,14.0,25,28,0,87.9
879,47.0,12.6,25,28,0,86.0
880,46.8,11.7,25,28,0,87.6
881,46.7,11.2,25,28,0,90.2
882,46.5,11.5,25,28,0,91.6
883,45.9,11.9,25,28,0,91.4
884,45.2,12.3,25,28,0,91.6
885,45.1,13.5,25,28,0,89.5
886,45.1,12.5,25,28,0,90.4
887,44.4,11.3,25,28,0,90.6
888,43.8,12.5,25,28,0,90.1
889,42.8,13.4,25,28,0,91.3
890,43.5,13.7,25,28,0,90.9
891,44.3,12.2,25,28,0,92.3
892,44.7,12.6,25,28,0,92.4
893,45.1,11.3,25,28,0,94.5
894,44.7,12.7,25,28,0,96.0
895,45.1,13.7,25,28,0,96.1
896,45.1,12.9,25,28,0,97.8
897,45.1,12.6,25,28,0,96.1
898,44.6,12.8,25,28,0,94.1
899,44.1,13.9,25,28,0,92.0
900,43.3,13.3,25,28,0,93.3
901,42.8,12.7,25,28,0,92.0
902,42.6,11.9,25,28,0,94.0
903,42.6,11.1,25,28,0,93.4
904,42.6,10.4,25,28,0,92.0
905,42.3,11.1,25,28,0,90.8
906,42.2,11.1,25,28,0,89.6
907,42.2,10.3,25,28,0,87.8
908,41.7,9.3,25,28,0,89.8
909,41.2,10.8,25,28,0,90.2
910,41.2,11.7,25,28,0,89.0
911,41.7,11.3,25,28,0,91.0
912,41.5,10.0,25,28,0,88.7
913,41.0,9.8,25,28,0,89.0
914,39.6,11.1,25,28,0,89.5
915,37.8,11.2,25,28,0,91.1
916,35.7,12.6,25,28,0,90.9
917,34.8,13.0,25,28,0,91.2
918,34.8,14.1,25,28,0,90.7
919,34.9,13.2,25,28,0,91.0
920,36.4,13.3,25,28,0,92.0
921,37.7,13.9,25,28,0,90.6
922,38.6,13.4,25,28,0,91.9
923,38.9,13.3,25,28,0,93.6
924,39.3,13.3,25,28,0,93.2
925,40.1,13.3,25,28,0,93.6
926,40.4,14.4,25,28,0,93.0
927,40.6,15.2,25,28,0,94.5
928,40.7,15.5,25,28,0,95.3
929,41.0,14.6,25,28,0,93.2
930,40.6,13.6,25,28,0,92.6
931,40.2,14.2,25,28,0,90.9
932,40.2,15.6,25,28,0,89.3
933,40.2,14.6,25,28,0,89.9
934,39.7,14.7,25,28,0,88.8
935,39.4,14.6,25,28,0,87.3
936,39.1,15.1,25,28,0,89.8
937,39.1,15.7,25,28,0,90.8
938,39.4,16.6,25,28,0,91.4
939,40.2,15.8,25,28,0,90.3
940,40.2,15.3,25,28,0,89.4
941,39.6,16.0,25,28,0,88.3
942,39.6,15.9,25,28,0,87.5
943,38.8,16.8,25,28,0,88.9
944,39.4,15.4,25,28,0,89.8
945,40.4,15.7,25,28,0,89.7
946,41.2,16.3,25,28,0,88.5
947,40.4,16.8,25,28,0,89.1
948,38.6,15.7,25,28,0,87.5
949,35.4,16.7,25,28,0,89.1
950,32.3,16.0,25,28,0,89.0
951,27.2,15.9,25,28,0,89.9
952,21.9,14.5,25,28,0,87.7
953,16.6,13.3,25,28,0,87.8
954,11.3,14.0,25,28,0,90.6
955,6.0,13.5,25,28,0,89.1
956,0.6,13.7,25,28,0,90.5
957,0.0,13.7,25,28,0,84.2
958,0.0,13.7,25,28,0,78.6
959,0.0,13.7,25,28,0,73.5
960,3.2,12.7,25,28,0,73.4
961,8.5,14.0,25,28,0,75.9
962,13.8,14.7,25,28,0,76.3
963,19.2,14.6,25,28,0,79.4
964,24.5,14.8,25,28,0,78.4
965,28.2,16.1,25,28,0,82.0
966,29.9,16.8,25,28,0,85.2
967,32.2,17.8,25,28,0,86.5
968,34.0,19.3,25,28,0,86.0
969,35.4,19.5,25,28,0,88.1
970,37.0,19.4,25,28,0,90.1
971,39.4,19.5,25,28,0,87.7
972,42.3,19.4,25,28,0,85.8
973,44.3,19.7,25,28,0,84.0
974,45.2,20.0,25,28,0,86.8
975,45.7,19.4,25,28,0,86.4
976,45.9,18.9,25,28,0,87.9
977,45.9,18.9,25,28,0,86.1
978,45.9,17.8,25,28,0,86.3
979,44.6,18.6,25,28,0,88.6
980,44.3,19.6,25,28,0,87.0
981,43.8,19.0,25,28,0,85.9
982,43.1,18.9,25,28,0,86.4
983,42.6,18.4,25,28,0,85.0
984,41.8,17.7,25,28,0,85.4
985,41.4,16.6,25,28,0,84.4
986,40.6,17.4,25,28,0,85.0
987,38.6,18.3,25,28,0,84.3
988,35.4,18.7,25,28,0,83.8
989,34.6,17.8,25,28,0,82.5
990,34.6,16.8,25,28,0,84.2
991,35.1,17.4,25,28,0,82.8
992,36.2,16.4,25,28,0,82.7
993,37.0,15.1,25,28,0,82.0
994,36.7,14.9,25,28,0,81.9
995,36.7,13.9,25,28,0,84.4
996,37.0,15.1,25,28,0,82.9
997,36.5,15.6,25,28,0,81.2
998,36.5,14.2,25,28,0,81.4
999,36.5,14.2,25,28,0,82.5
1000,37.8,14.8,25,28,0,85.0
1001,38.6,15.1,25,28,0,85.8
1002,39.6,15.1,25,28,0,86.4
1003,39.9,14.5,25,28,0,88.5
1004,40.4,13.3,25,28,0,89.8
1005,41.0,13.5,25,28,0,88.8
1006,41.2,14.6,25,28,0,87.2
1007,41.0,14.0,25,28,0,89.6
1008,40.2,14.4,25,28,0,91.5
1009,38.8,13.4,25,28,0,90.0
1010,38.1,14.0,25,28,0,90.0
1011,37.3,12.9,25,28,0,91.9
1012,36.9,12.8,25,28,0,93.1
1013,36.2,13.4,25,28,0,93.2
1014,35.4,13.5,25,28,0,93.7
1015,34.8,13.1,25,28,0,94.5
1016,33.0,13.2,25,28,0,93.6
1017,28.2,12.6,25,28,0,95.4
1018,22.9,13.5,25,28,0,95.4
1019,17.5,14.8,25,28,0,97.3
1020,12.2,14.1,25,28,0,99.1
1021,6.9,13.0,25,28,0,100.0
1022,1.6,12.0,25,28,0,101.2
1023,0.0,12.0,25,28,0,93.9
1024,0.0,12.0,25,28,0,87.3
1025,0.0,12.0,25,28,0,81.4
1026,0.0,12.0,25,28,0,76.1
1027,0.0,12.0,25,28,0,71.3
1028,0.0,12.0,25,28,1,67.0
1029,0.0,12.0,25,28,1,63.1
1030,0.0,12.0,25,28,0,59.6
1031,0.0,12.0,25,28,1,56.4
1032,0.0,12.0,25,28,0,53.6
1033,0.0,12.0,25,28,0,51.0
1034,0.0,12.0,25,28,0,48.7
1035,0.0,12.0,25,28,0,46.6
1036,0.0,12.0,25,28,0,44.7
1037,0.0,12.0,25,28,0,43.0
1038,0.0,12.0,25,28,0,41.5
1039,0.0,12.0,25,28,0,40.2
1040,0.0,12.0,25,28,0,39.0
1041,0.0,12.0,25,28,0,37.9
1042,0.0,12.0,25,28,0,36.9
1043,0.0,12.0,25,28,1,36.0
1044,0.0,12.0,25,28,0,35.2
1045,0.0,12.0,25,28,0,34.5
1046,0.0,12.0,25,28,0,33.8
1047,0.0,12.0,25,28,1,33.2
1048,0.0,12.0,25,28,0,32.7
1049,0.0,12.0,25,28,0,32.2
1050,0.0,12.0,25,28,0,31.8
1051,0.0,12.0,25,28,0,31.4
1052,0.0,12.0,25,28,1,31.1
1053,1.9,11.4,25,28,0,36.7
1054,6.4,12.0,25,28,0,42.1
1055,11.7,11.4,25,28,0,46.2
1056,17.1,12.8,25,28,0,49.9
1057,22.4,13.5,25,28,0,51.8
1058,27.4,12.2,25,28,0,56.4
1059,29.8,13.4,25,28,0,58.5
1060,32.2,13.3,25,28,0,63.7
1061,35.1,13.9,25,28,0,65.1
1062,37.0,12.9,25,28,0,67.6
1063,38.6,12.7,25,28,0,67.5
1064,39.9,13.0,25,28,0,71.6
1065,41.2,11.7,25,28,0,71.0
1066,42.6,12.2,25,28,0,72.5
1067,43.1,11.6,25,28,0,75.8
1068,44.1,10.1,25,28,0,77.9
1069,44.9,9.3,25,28,0,78.5
1070,45.5,10.0,25,28,0,77.6
1071,45.1,8.6,25,28,0,80.4
1072,44.3,9.5,25,28,0,83.0
1073,43.5,8.7,25,28,0,83.3
1074,43.5,8.4,24,28,0,86.2
1075,42.3,9.1,24,28,0,85.9
1076,39.4,10.1,24,28,0,88.7
1077,36.2,10.2,24,28,0,86.8
1078,34.6,10.4,24,28,0,85.3
1079,33.2,10.2,24,28,0,85.9
1080,29.0,9.6,24,28,0,88.5
1081,24.1,9.5,24,28,0,87.0
1082,19.8,10.9,24,28,0,88.1
1083,17.9,10.4,24,28,0,87.2
1084,17.1,9.2,24,28,0,87.7
1085,16.1,9.5,24,28,0,90.6
1086,15.3,9.8,24,28,0,88.8
1087,14.6,11.2,24,28,0,87.0
1088,14.0,11.4,24,28,0,85.3
1089,13.8,10.8,24,28,0,88.4
1090,14.2,9.4,24,28,0,90.8
1091,14.5,8.6,24,28,0,89.1
1092,14.0,8.0,24,28,0,91.8
1093,13.8,7.8,24,28,0,92.7
1094,12.9,6.7,24,28,0,91.5
1095,11.3,7.9,24,28,0,91.4
1096,8.0,6.8,24,28,0,89.1
1097,6.8,6.4,24,28,0,89.4
1098,4.2,6.1,24,28,0,92.1
1099,1.6,7.3,24,28,0,93.8
1100,0.0,7.3,24,28,0,87.2
1101,0.2,7.3,24,28,0,88.8
1102,1.0,7.8,24,28,0,90.2
1103,2.6,9.1,24,28,0,92.3
1104,5.8,9.8,24,28,0,90.5
1105,11.1,10.5,24,28,0,90.1
1106,16.1,9.0,24,28,0,92.6
1107,20.6,9.6,24,28,0,90.5
1108,22.5,9.1,24,28,0,89.6
1109,23.3,9.8,24,28,0,88.1
1110,25.7,9.3,24,28,0,87.9
1111,29.1,10.1,25,28,0,89.1
1112,32.2,9.2,25,28,0,91.2
1113,33.8,8.9,25,28,0,92.7
1114,34.1,9.4,25,28,0,92.4
1115,34.3,8.2,25,28,0,92.2
1116,34.4,7.3,25,28,0,94.2
1117,34.9,6.5,25,28,0,95.4
1118,36.2,5.9,25,28,0,95.8
1119,37.0,4.9,25,28,0,96.8
1120,38.3,4.2,25,28,0,98.5
1121,39.4,4.2,25,28,0,99.4
1122,40.2,4.2,25,28,0,98.6
1123,40.1,3.0,25,28,0,95.5
1124,39.9,3.4,25,28,0,96.6
1125,40.2,3.7,25,28,0,97.4
1126,40.9,5.1,25,28,0,97.3
1127,41.5,4.3,25,28,0,95.3
1128,41.8,5.4,25,28,0,95.8
1129,42.5,6.3,25,28,0,96.4
1130,42.8,5.8,25,28,0,96.8
1131,43.3,7.1,25,28,0,96.6
1132,43.5,6.1,25,28,0,94.5
1133,43.5,7.6,25,28,0,92.6
1134,43.5,6.2,25,28,0,93.6
1135,43.3,7.1,25,28,0,92.0
1136,43.1,8.0,25,28,0,94.3
1137,43.1,9.2,25,28,0,92.2
1138,42.6,8.6,25,28,0,90.8
1139,42.5,7.3,25,28,0,89.7
1140,41.8,7.1,25,28,0,90.1
1141,41.0,7.6,25,28,0,92.4
1142,39.6,9.1,25,28,0,92.5
1143,37.8,10.1,25,28,0,92.0
1144,34.6,11.2,25,28,0,90.7
1145,32.2,9.8,25,28,0,89.5
1146,28.2,9.3,25,28,0,91.7
1147,25.7,8.6,25,28,0,90.4
1148,22.5,8.3,25,28,0,89.9
1149,17.2,7.9,25,28,0,88.8
1150,11.9,8.1,25,27,0,90.6
1151,6.6,8.0,25,27,0,91.9
1152,1.3,7.9,25,27,0,94.2
1153,0.0,7.9,25,27,0,87.5
1154,0.0,7.9,25,27,0,81.4
1155,0.0,7.9,25,27,0,76.0
1156,0.0,7.9,25,27,0,71.1
1157,0.0,7.9,25,27,0,66.7
1158,0.0,7.9,25,27,1,62.7
1159,0.0,7.9,25,27,0,59.1
1160,0.0,7.9,25,27,1,55.9
1161,0.0,7.9,25,27,0,53.0
1162,0.0,7.9,25,27,0,50.4
1163,0.0,7.9,25,27,0,48.1
1164,0.0,7.9,25,27,0,46.0
1165,0.0,7.9,25,27,0,44.1
1166,0.0,7.9,25,27,1,42.4
1167,0.0,7.9,25,27,0,40.9
1168,0.0,7.9,25,27,0,39.5
1169,3.4,9.0,25,29,0,44.6
1170,8.7,9.1,25,29,0,47.3
1171,14.0,8.3,25,29,0,52.7
1172,19.3,8.7,25,29,0,56.8
1173,24.6,9.5,25,29,0,62.4
1174,29.9,9.7,25,29,0,63.2
1175,34.0,10.6,25,29,0,65.6
1176,37.0,11.0,25,29,0,65.8
1177,37.8,12.2,25,29,0,68.1
1178,37.0,12.7,25,28,0,70.4
1179,36.2,11.6,25,28,0,72.6
1180,32.2,12.2,25,28,0,74.4
1181,26.9,12.1,25,28,0,76.8
1182,21.6,11.3,25,28,0,79.7
1183,16.3,10.9,25,28,0,83.3
1184,10.9,11.7,25,28,0,84.5
1185,5.6,10.7,25,28,0,86.4
1186,0.3,9.8,25,28,0,86.2
1187,0.0,9.8,25,28,0,80.4
1188,0.0,9.8,25,28,0,75.2
1189,0.0,9.8,25,28,0,70.5
1190,0.0,9.8,25,28,1,66.2
1191,0.0,9.8,25,28,0,62.4
1192,0.0,9.8,25,28,0,59.0
1193,0.0,9.8,25,28,0,55.9
1194,0.0,9.8,25,28,0,53.1
1195,0.0,9.8,25,28,0,50.6
1196,0.0,9.8,25,28,0,48.3
1197,0.3,11.1,25,28,0,52.4
1198,2.4,11.6,25,28,0,56.0
1199,5.6,10.3,25,28,0,57.2
1200,10.5,9.3,25,28,0,59.7
1201,15.8,8.7,25,28,0,61.3
1202,19.3,8.6,25,28,0,63.9
1203,20.8,9.0,25,28,0,68.1
1204,20.9,9.2,25,28,0,68.4
1205,20.3,10.1,25,28,0,68.5
1206,20.6,10.6,25,28,0,70.3
1207,21.1,10.0,25,28,0,73.8
1208,21.1,9.3,25,28,0,76.8
1209,22.5,9.2,25,28,0,79.0
1210,24.9,8.2,25,28,0,81.6
1211,27.4,7.6,25,28,0,85.1
1212,29.9,7.4,25,28,0,84.0
1213,31.7,8.8,25,28,0,83.9
1214,33.8,8.0,25,28,0,86.1
1215,34.6,7.5,25,28,0,86.3
1216,35.1,8.0,25,28,0,85.1
1217,35.1,9.0,25,28,0,87.7
1218,34.6,10.4,25,28,0,88.6
1219,34.1,10.4,25,28,0,89.0
1220,34.6,9.5,25,28,0,87.9
1221,35.1,9.7,25,28,0,87.8
1222,35.4,10.5,25,28,0,85.6
1223,35.2,10.0,25,28,0,87.4
1224,34.9,11.3,25,28,0,88.4
1225,34.6,11.0,25,27,0,88.5
1226,34.6,10.1,25,27,0,87.1
1227,34.4,9.0,25,27,0,86.1
1228,32.3,9.5,25,27,0,86.7
1229,31.4,8.1,25,27,0,88.1
1230,30.9,8.7,25,27,0,89.2
1231,31.5,9.7,25,27,0,88.0
1232,31.9,10.1,25,27,0,90.3
1233,32.2,10.7,25,27,0,88.9
1234,31.4,9.4,25,27,0,89.2
1235,28.2,9.6,25,27,0,90.9
1236,24.9,10.3,25,27,0,93.3
1237,20.9,9.6,25,27,0,94.9
1238,16.1,10.4,25,27,0,96.5
1239,12.9,9.0,25,27,0,96.3
1240,9.7,9.9,25,27,0,96.2
1241,6.4,8.4,25,27,0,94.0
1242,4.0,8.5,25,27,0,91.4
1243,1.1,7.1,25,27,0,89.2
1244,0.0,7.1,25,27,0,83.0
1245,0.0,7.1,25,27,0,77.4
1246,0.0,7.1,25,27,0,72.4
1247,0.0,7.1,25,27,1,67.9
1248,0.0,7.1,25,27,0,63.8
1249,0.0,7.1,25,27,0,60.1
1250,0.0,7.1,25,27,0,56.8
1251,0.0,7.1,25,27,0,53.8
1252,1.6,7.2,25,27,0,56.1
1253,1.6,7.0,25,27,0,57.9
1254,1.6,7.8,25,27,0,61.9
1255,1.6,9.3,25,27,0,62.7
1256,1.6,10.0,25,27,0,64.0
1257,2.6,8.7,25,27,0,68.6
1258,4.8,9.6,25,27,0,71.7
1259,6.4,10.2,25,27,0,71.6
1260,8.0,10.8,25,27,0,74.4
1261,10.1,11.3,25,27,0,74.9
1262,12.9,10.5,25,27,0,76.6
1263,16.1,9.5,25,27,0,76.7
1264,16.9,8.9,25,27,0,80.6
1265,15.3,7.7,25,27,0,81.6
1266,13.7,8.4,25,27,0,81.0
1267,12.2,9.1,25,27,0,82.5
1268,14.2,9.7,25,27,0,84.2
1269,17.7,8.7,25,27,0,85.7
1270,22.5,9.7,25,27,0,85.5
1271,27.4,9.5,25,27,0,84.0
1272,31.4,10.0,25,27,0,86.0
1273,33.8,9.8,25,27,0,84.4
1274,35.1,10.3,25,27,0,82.7
1275,35.7,9.5,25,27,0,85.5
1276,37.0,9.6,25,27,0,85.2
1277,38.0,9.6,25,27,0,88.1
1278,38.8,9.9,25,27,0,89.2
1279,39.4,9.1,25,27,0,90.2
1280,39.4,10.3,25,27,0,90.5
1281,38.6,10.9,25,27,0,90.7
1282,37.8,12.1,25,27,0,89.8
1283,37.8,11.4,25,27,0,88.3
1284,37.8,12.1,25,27,0,89.3
1285,37.8,11.6,25,27,0,90.0
1286,37.8,13.1,25,27,0,89.1
1287,37.8,13.7,25,27,0,89.9
1288,38.6,12.4,25,27,0,89.8
1289,38.8,13.6,25,27,0,88.2
1290,39.4,12.7,25,27,0,86.1
1291,39.7,13.3,25,27,0,85.6
1292,40.2,13.8,25,27,0,88.3
1293,40.9,14.2,25,27,0,87.0
1294,41.2,13.3,25,27,0,89.8
1295,41.4,12.8,25,27,0,90.0
1296,41.8,12.5,25,27,0,90.8
1297,42.2,11.7,25,27,0,92.0
1298,43.5,12.6,25,27,0,91.6
1299,44.7,12.2,25,27,0,90.0
1300,45.5,11.3,25,27,0,91.9
1301,46.7,11.8,25,27,0,92.4
1302,46.8,12.2,25,27,0,90.9
1303,46.7,13.4,25,27,0,90.3
1304,45.1,13.0,25,28,0,88.2
1305,39.7,13.2,25,28,0,86.1
1306,34.4,12.6,25,28,0,86.0
1307,29.1,13.5,25,28,0,87.6
1308,23.8,14.6,25,28,0,86.5
1309,18.5,13.9,25,28,0,86.3
1310,13.2,12.7,25,28,0,88.9
1311,7.9,12.6,25,28,0,89.0
1312,2.6,12.5,25,28,0,88.0
1313,0.0,12.5,25,28,0,82.0
1314,0.0,12.5,25,28,0,76.6
1315,0.0,12.5,25,28,1,71.7
1316,0.0,12.5,25,28,0,67.3
1317,0.0,12.5,25,28,0,63.4
1318,0.0,12.5,25,28,0,59.9
1319,0.0,12.5,25,28,0,56.7
1320,0.0,12.5,25,28,0,53.8
1321,0.0,12.5,25,28,0,51.2
1322,0.0,12.5,25,28,1,48.9
1323,0.0,12.5,25,28,0,46.8
1324,0.0,12.5,25,28,0,44.9
1325,0.0,12.5,25,28,0,43.2
1326,0.0,12.5,25,28,1,41.7
1327,0.0,12.5,25,28,0,40.3
1328,0.0,12.5,25,28,0,39.1
1329,0.0,12.5,25,28,0,38.0
1330,0.0,12.5,25,28,1,37.0
1331,0.0,12.5,25,28,0,36.1
1332,0.0,12.5,25,28,0,35.3
1333,0.0,12.5,25,28,0,34.6
1334,0.0,12.5,25,28,0,33.9
1335,0.0,12.5,25,28,0,33.3
1336,0.0,12.5,25,28,0,32.8
1337,0.0,12.5,25,28,0,32.3
1338,2.4,11.5,25,28,0,40.1
1339,7.7,12.1,25,28,0,47.4
1340,13.0,12.4,25,28,0,51.8
1341,18.3,11.3,25,28,0,57.2
1342,21.2,11.5,25,28,0,59.2
1343,24.3,11.4,25,28,0,62.5
1344,27.0,11.6,25,28,0,65.6
1345,29.5,10.2,25,28,0,67.9
1346,31.4,10.8,25,28,0,67.9
1347,32.7,11.1,25,28,0,69.2
1348,34.3,10.4,25,28,0,72.3
1349,35.2,11.0,25,28,0,75.4
1350,35.6,11.3,25,28,0,76.7
1351,36.0,10.5,25,28,0,80.1
1352,35.4,10.3,25,28,0,80.2
1353,34.8,10.3,25,28,0,82.6
1354,34.0,9.1,25,28,0,83.6
1355,33.0,8.7,25,28,0,85.2
1356,32.2,8.0,25,28,0,87.5
1357,31.5,8.9,25,28,0,89.6
1358,29.8,9.0,25,28,0,91.7
1359,28.2,7.9,25,28,0,93.6
1360,26.6,7.7,25,28,0,95.0
1361,24.9,6.3,25,28,0,96.0
1362,22.5,6.7,25,28,0,97.6
1363,17.7,6.4,25,28,0,96.6
1364,12.9,6.5,25,28,0,95.1
1365,8.4,5.7,25,28,0,94.0
1366,4.0,4.6,25,28,0,92.5
1367,0.0,4.6,25,28,0,86.0
1368,0.0,4.6,25,28,0,80.2
1369,0.0,4.6,25,28,1,75.0
1370,0.0,4.6,25,28,1,70.3
1371,0.0,4.6,25,28,0,66.1
1372,0.0,4.6,25,28,0,62.3
1373,0.0,4.6,25,28,0,58.9
1374,0.0,4.6,25,28,0,55.8
1375,0.0,4.6,25,28,0,53.0
1376,0.0,4.6,25,28,1,50.5
1377,0.0,4.6,25,28,0,48.2
1378,0.0,4.6,25,28,0,46.2
1379,0.0,4.6,25,28,0,44.4
1380,0.0,4.6,25,28,1,42.8
1381,0.0,4.6,25,28,0,41.3
1382,0.0,4.6,25,28,1,40.0
1383,0.0,4.6,25,28,1,38.8
1384,0.0,4.6,25,28,0,37.7
1385,0.0,4.6,25,28,1,36.7
1386,0.0,4.6,25,29,0,35.8
1387,0.0,4.6,25,29,1,35.1
1388,0.0,4.6,25,29,1,34.5
1389,0.0,4.6,25,29,1,34.0
1390,0.0,4.6,25,29,1,33.5
1391,0.0,4.6,25,29,0,33.0
1392,0.0,4.6,25,29,0,32.6
1393,4.8,4.9,25,29,0,38.6
1394,9.5,5.1,25,29,0,43.1
1395,13.8,4.2,25,29,0,50.0
1396,18.5,4.5,25,29,0,56.1
1397,23.0,3.3,25,29,0,60.5
1398,27.2,3.6,25,29,0,63.8
1399,27.8,4.5,25,29,0,68.0
1400,29.1,3.8,25,29,0,70.9
1401,33.3,3.2,25,29,0,72.7
1402,34.9,1.9,25,29,0,73.7
1403,36.0,2.0,25,29,0,75.6
1404,36.2,0.7,25,29,0,78.6
1405,35.6,0.2,25,29,0,80.1
1406,34.6,0.3,25,29,0,79.9
1407,33.6,1.3,25,29,0,79.7
1408,32.8,0.4,25,29,0,80.4
1409,31.9,1.4,25,29,0,79.3
1410,27.4,2.0,25,29,0,81.9
1411,24.0,1.0,25,29,0,81.3
1412,24.0,1.1,25,29,0,84.3
1413,24.5,0.9,25,29,0,83.5
1414,24.9,0.0,25,29,0,86.3
1415,25.7,0.0,25,29,0,86.4
1416,27.5,0.0,25,29,0,88.1
1417,30.7,0.0,25,29,0,87.5
1418,34.0,0.0,25,29,0,85.3
1419,36.5,0.3,25,29,0,83.4
1420,36.9,0.4,25,29,0,83.9
1421,36.5,0.0,25,29,0,84.4
1422,36.4,0.0,25,29,0,85.0
1423,34.3,0.5,25,29,0,85.1
1424,30.6,1.8,25,29,0,84.6
1425,27.5,1.0,25,29,0,87.3
1426,25.4,1.1,25,29,0,88.7
1427,25.4,2.2,25,29,0,88.6
1428,28.5,1.1,25,29,0,89.4
1429,31.9,1.2,25,29,0,88.7
1430,34.8,0.8,25,29,0,89.4
1431,37.3,1.5,25,29,0,87.9
1432,38.9,1.1,25,29,0,87.9
1433,39.6,1.2,25,29,0,87.7
1434,40.1,1.6,25,29,0,90.2
1435,40.2,2.4,25,29,0,91.9
1436,39.6,2.8,25,29,0,92.3
1437,39.4,3.3,25,29,0,89.9
1438,39.7,3.7,25,29,0,90.1
1439,39.9,4.8,25,29,0,88.7
1440,39.7,4.2,25,29,0,86.6
1441,39.6,4.8,25,29,0,89.3
1442,39.6,5.0,25,29,0,87.1
1443,40.4,5.1,25,28,0,86.9
1444,41.2,4.3,25,27,0,86.9
1445,41.4,3.1,25,27,0,88.6
1446,40.9,1.8,25,27,0,89.0
1447,40.1,3.3,25,27,0,90.5
1448,40.2,1.8,25,27,0,89.3
1449,40.9,2.1,25,27,0,90.3
1450,41.8,2.6,25,27,0,90.4
1451,41.8,1.7,25,27,0,90.3
1452,41.4,1.1,25,27,0,91.1
1453,42.0,0.0,25,27,0,91.0
1454,43.0,1.4,25,27,0,93.1
1455,44.3,0.6,25,27,0,94.3
1456,46.0,0.0,25,27,0,92.5
1457,47.2,0.6,25,27,0,91.0
1458,48.0,0.0,25,27,0,93.0
1459,48.4,0.4,25,27,0,94.7
1460,48.9,0.0,25,27,0,91.7
1461,49.4,1.4,25,27,0,91.2
1462,49.4,2.4,25,27,0,90.2
1463,49.1,3.2,25,27,0,90.7
1464,48.9,2.0,25,27,0,88.9
1465,48.8,1.9,25,27,0,89.3
1466,48.9,0.5,25,27,0,87.8
1467,49.6,0.4,25,27,0,88.3
1468,48.9,0.0,25,27,0,86.2
1469,48.1,0.0,25,27,0,86.2
1470,47.5,0.8,25,27,0,86.4
1471,48.0,0.0,25,27,0,87.6
1472,48.8,1.3,25,27,0,89.1
1473,49.4,1.5,25,27,0,88.6
1474,49.7,2.7,25,27,0,89.7
1475,49.9,2.3,25,27,0,89.4
1476,49.7,3.1,25,27,0,90.5
1477,48.9,2.2,25,27,0,92.9
1478,48.0,1.3,25,27,0,91.2
1479,48.1,0.0,25,27,0,92.8
1480,48.6,0.0,25,27,0,94.4
1481,49.4,0.0,25,27,0,92.7
1482,50.2,1.3,25,27,0,92.3
1483,51.2,2.0,25,27,0,92.5
1484,51.8,1.6,25,27,0,92.2
1485,52.1,2.8,25,27,0,91.7
1486,51.8,2.6,25,27,0,90.6
1487,51.0,3.4,25,27,0,92.5
1488,46.0,3.5,25,27,0,94.5
1489,40.7,2.5,25,27,0,96.4
1490,35.4,3.6,25,27,0,97.9
1491,30.1,5.0,25,27,0,98.8
1492,24.8,3.9,25,27,0,97.9
1493,19.5,3.5,25,27,0,99.7
1494,14.2,2.6,25,27,0,99.2
1495,8.9,3.4,25,27,0,100.4
1496,3.5,3.4,25,27,0,100.6
1497,0.0,3.4,25,27,0,93.2
1498,0.0,3.4,25,27,1,86.6
1499,0.0,3.4,25,27,0,80.6
1500,0.0,3.4,25,27,0,75.2
1501,0.0,3.4,25,27,0,70.4
1502,0.0,3.4,25,27,0,66.1
1503,0.0,3.4,25,27,1,62.2
1504,0.0,3.4,25,27,1,58.7
1505,0.0,3.4,25,27,0,55.5
1506,0.0,3.4,25,27,0,52.6
1507,0.0,3.4,25,27,1,50.0
1508,0.0,3.4,25,27,0,47.7
1509,0.0,3.4,25,27,0,45.6
1510,0.0,3.4,25,27,0,43.7
1511,0.0,3.4,25,27,0,42.0
1512,0.0,3.4,25,27,0,40.5
1513,0.0,3.4,25,27,0,39.2
1514,0.0,3.4,25,27,0,38.0
1515,0.0,3.4,25,27,0,36.9
1516,0.0,3.4,25,27,1,35.9
1517,0.0,3.4,25,27,1,35.0
1518,0.0,3.4,25,27,0,34.2
1519,0.0,3.4,25,27,0,33.5
1520,0.0,3.4,25,27,0,32.8
1521,0.0,3.4,25,27,0,32.2
1522,0.0,3.4,25,27,0,31.7
1523,0.0,3.4,25,27,0,31.2
1524,0.0,3.4,25,27,0,30.8
1525,0.0,3.4,25,27,0,30.4
1526,0.0,3.4,25,27,0,30.1
1527,0.0,3.4,25,27,1,29.8
1528,0.0,3.4,25,27,0,29.5
1529,0.0,3.4,25,27,0,29.2
1530,0.0,3.4,25,27,0,29.0
1531,0.0,3.4,25,27,1,28.8
1532,0.0,3.4,25,27,0,28.6
1533,0.0,3.4,25,27,1,28.4
1534,0.0,3.4,25,27,0,28.3
1535,0.0,3.4,25,27,0,28.2
1536,5.3,2.2,25,27,0,34.4
1537,10.6,1.8,25,27,0,39.3
1538,15.9,1.1,25,27,0,46.8
1539,21.2,1.6,25,27,0,53.4
1540,26.6,2.2,25,27,0,59.5
1541,31.9,2.8,25,27,0,62.8
1542,35.7,3.5,25,27,0,67.5
1543,39.1,4.4,25,27,0,68.0
1544,41.5,3.0,25,27,0,71.2
1545,42.5,3.7,25,27,0,73.1
1546,41.4,2.5,25,27,0,76.1
1547,40.4,3.3,25,27,0,75.3
1548,39.7,2.8,25,27,0,77.1
1549,40.2,3.8,25,27,0,80.6
1550,40.6,3.6,25,27,0,81.6
1551,40.9,4.1,25,27,0,83.1
1552,41.5,4.8,25,27,0,81.6
1553,43.8,6.0,25,27,0,82.8
1554,42.6,6.4,25,27,0,83.8
1555,38.6,5.6,25,27,0,85.4
1556,36.5,7.0,25,27,0,87.1
1557,31.2,8.4,25,27,0,87.6
1558,28.5,9.0,25,27,0,86.5
1559,27.7,9.2,25,27,0,89.6
1560,29.1,9.7,25,27,0,91.5
1561,29.9,8.5,25,27,0,89.2
1562,32.2,9.7,25,27,0,89.3
1563,35.7,10.3,25,27,0,91.0
1564,39.4,11.6,25,27,0,91.7
1565,43.9,12.2,25,27,0,93.9
1566,49.1,13.5,25,27,0,94.9
1567,53.9,13.9,25,27,0,94.9
1568,58.3,13.3,25,27,0,95.2
1569,60.0,12.7,25,27,0,93.0
1570,63.2,13.9,25,27,0,91.4
1571,65.2,14.0,25,27,0,92.2
1572,67.8,13.0,25,27,0,90.6
1573,70.0,12.2,25,27,0,90.8
1574,72.6,11.8,25,27,0,91.3
1575,74.0,10.8,25,27,0,93.4
1576,75.3,11.4,25,27,0,92.7
1577,76.4,10.9,25,27,0,93.9
1578,76.4,10.7,25,27,0,95.3
1579,76.1,9.3,25,27,0,92.9
1580,76.0,8.8,25,27,0,91.0
1581,75.6,10.2,25,27,0,92.8
1582,75.6,8.8,25,27,0,90.6
1583,75.6,7.9,25,27,0,92.3
1584,75.6,9.3,25,27,0,93.0
1585,75.6,10.7,25,27,0,91.7
1586,76.0,9.6,25,27,0,91.5
1587,76.3,8.8,25,27,0,90.8
1588,77.1,7.6,25,27,0,93.0
1589,78.1,7.4,25,27,0,90.5
1590,79.0,8.6,25,27,0,92.2
1591,79.7,7.9,25,27,0,93.8
1592,80.5,7.9,25,27,0,92.4
1593,81.4,7.0,25,27,0,93.4
1594,82.1,6.6,25,27,0,91.2
1595,82.9,7.1,25,27,0,92.7
1596,84.0,8.5,25,27,0,90.6
1597,85.6,8.5,25,27,0,92.7
1598,87.1,7.8,25,27,0,92.5
1599,87.9,8.6,25,27,0,90.4
1600,88.4,7.5,25,27,0,92.4
1601,88.5,6.5,25,27,0,94.0
1602,88.4,6.6,25,27,0,95.0
1603,87.9,5.4,25,27,0,96.7
1604,87.9,6.3,25,27,0,94.1
1605,88.2,6.8,25,27,0,91.3
1606,88.7,6.9,25,27,0,92.1
1607,89.3,6.1,25,27,0,91.8
1608,89.6,4.8,25,27,0,91.5
1609,90.3,5.9,25,27,0,92.0
1610,90.6,4.4,25,27,0,91.2
1611,91.1,3.8,25,27,0,89.8
1612,91.2,4.4,25,27,0,88.3
1613,91.2,3.9,25,27,0,87.1
1614,90.9,4.8,25,27,0,89.9
1615,90.9,3.7,25,27,0,90.0
1616,90.9,4.7,25,27,0,91.4
1617,90.9,3.5,25,27,0,88.9
1618,90.9,2.8,25,27,0,86.8
1619,90.9,1.7,25,27,0,86.3
1620,90.8,1.8,25,27,0,88.8
1621,90.3,2.2,25,27,0,88.3
1622,89.8,1.0,25,27,0,88.9
1623,88.7,2.3,25,27,0,86.8
1624,87.9,1.0,25,27,0,89.0
1625,87.2,1.6,25,27,0,89.6
1626,86.9,1.7,25,27,0,87.2
1627,86.4,2.8,25,27,0,86.1
1628,86.3,1.7,25,27,0,85.6
1629,86.7,1.8,25,27,0,85.8
1630,86.9,1.0,25,27,0,86.9
1631,87.1,2.1,25,27,0,85.5
1632,87.1,3.2,25,27,0,83.6
1633,86.6,4.2,25,27,0,84.5
1634,85.9,4.1,25,27,0,84.1
1635,85.3,5.4,25,27,0,84.1
1636,84.6,4.7,25,27,0,84.4
1637,83.8,4.6,25,27,0,84.9
1638,84.3,5.1,25,27,0,85.3
1639,83.7,6.5,25,27,0,84.5
1640,83.5,6.2,25,27,0,87.1
1641,83.2,5.7,25,27,0,85.6
1642,82.9,6.3,25,27,0,88.1
1643,83.0,7.6,25,27,0,87.8
1644,83.4,7.4,25,27,0,89.4
1645,83.8,7.7,25,27,0,88.7
1646,84.5,7.2,25,27,0,87.6
1647,85.3,8.7,25,27,0,90.2
1648,86.1,9.3,25,27,0,90.5
1649,86.9,8.4,25,27,0,91.1
1650,88.4,8.5,25,27,0,88.6
1651,89.2,7.6,25,27,0,90.1
1652,89.5,6.6,25,27,0,88.6
1653,90.1,5.7,25,27,0,87.7
1654,90.1,6.9,25,27,0,89.6
1655,89.8,7.6,25,27,0,90.9
1656,88.8,8.2,25,27,0,89.1
1657,87.7,8.7,25,27,0,90.5
1658,86.3,7.3,25,27,0,89.5
1659,84.5,7.6,25,27,0,87.7
1660,82.9,8.2,25,27,0,89.5
1661,82.9,9.5,25,27,0,87.6
1662,82.9,10.7,25,27,0,87.5
1663,82.2,11.3,25,27,0,90.0
1664,80.6,11.3,25,27,0,88.2
1665,80.5,10.9,25,27,0,89.0
1666,80.6,11.0,25,27,0,88.2
1667,80.5,11.1,25,27,0,87.3
1668,79.8,12.5,25,27,0,87.1
1669,79.7,11.5,25,27,0,87.6
1670,79.7,11.6,25,27,0,88.0
1671,79.7,12.1,25,27,0,86.7
1672,79.0,11.0,25,27,0,88.2
1673,78.2,12.5,25,27,0,86.9
1674,77.4,11.5,25,27,0,89.0
1675,76.0,10.1,25,27,0,86.9
1676,74.2,10.3,25,27,0,86.8
1677,72.4,9.7,25,27,0,89.3
1678,70.5,8.3,25,27,0,91.2
1679,68.6,8.9,25,27,0,91.6
1680,66.8,8.0,25,27,0,89.2
1681,64.9,6.9,25,27,0,90.3
1682,62.0,7.7,25,27,0,89.5
1683,59.5,8.0,25,27,0,90.2
1684,56.6,7.8,25,27,0,92.6
1685,54.4,9.2,25,27,0,93.9
1686,52.3,8.5,25,27,0,92.6
1687,50.7,7.3,25,27,0,93.8
1688,49.2,6.9,25,27,0,93.2
1689,49.1,6.3,25,27,0,90.9
1690,48.3,6.1,25,27,0,89.9
1691,46.7,5.3,25,27,0,92.1
1692,44.3,6.4,25,27,0,89.8
1693,39.9,6.8,25,27,0,90.9
1694,34.6,7.7,25,27,0,92.9
1695,32.3,8.8,25,27,0,91.5
1696,30.7,9.3,25,27,0,89.6
1697,29.8,9.7,25,27,0,90.7
1698,27.4,11.1,25,27,0,92.0
1699,24.9,11.2,25,27,0,90.2
1700,20.1,11.4,25,27,0,89.9
1701,17.4,12.3,25,27,0,89.5
1702,12.9,11.9,25,27,0,90.3
1703,7.6,13.0,25,27,0,89.3
1704,2.3,12.1,25,27,0,88.9
1705,0.0,12.1,25,27,0,82.7
1706,0.0,12.1,25,27,1,77.1
1707,0.0,12.1,25,27,0,72.1
1708,0.0,12.1,25,27,1,67.6
1709,0.0,12.1,25,27,1,63.5
1710,0.0,12.1,25,27,0,59.8
1711,0.0,12.1,25,27,0,56.5
1712,0.0,12.1,25,27,0,53.6
1713,0.0,12.1,25,27,0,50.9
1714,0.0,12.1,25,27,0,48.5
1715,0.0,12.1,25,27,0,46.4
1716,0.0,12.1,25,27,0,44.5
1717,0.0,12.1,25,27,0,42.8
1718,0.0,12.1,25,27,0,41.2
1719,1.6,12.0,25,27,0,46.2
1720,6.9,11.3,25,27,0,49.1
1721,12.2,10.4,25,27,0,52.6
1722,17.5,10.3,25,27,0,58.7
1723,22.9,9.0,25,27,0,63.5
1724,27.8,8.8,25,27,0,66.3
1725,32.2,8.4,25,27,0,67.1
1726,36.2,8.0,25,27,0,70.8
1727,38.1,8.7,25,27,0,74.1
1728,40.6,9.1,25,27,0,75.6
1729,42.8,9.2,25,27,0,78.2
1730,45.2,8.5,25,27,0,77.4
1731,48.3,9.0,25,27,0,80.4
1732,49.6,9.5,25,27,0,83.3
1733,50.9,9.1,25,27,0,84.4
1734,51.7,8.3,25,27,0,86.8
1735,52.8,8.4,25,27,0,84.9
1736,54.1,7.7,25,27,0,83.0
1737,55.5,8.1,25,27,0,81.6
1738,55.7,8.1,25,27,0,80.8
1739,56.2,7.3,25,27,0,79.9
1740,56.0,6.4,25,27,0,80.3
1741,55.5,6.6,25,27,0,79.5
1742,55.8,7.3,25,27,0,80.3
1743,57.1,6.3,25,27,0,80.5
1744,57.9,6.4,25,27,0,81.6
1745,57.9,5.7,25,27,0,81.6
1746,57.9,6.7,25,27,0,81.9
1747,57.9,7.1,25,27,0,82.4
1748,57.9,7.4,25,27,0,82.4
1749,57.9,7.4,25,27,0,84.7
1750,58.1,8.1,25,27,0,84.1
1751,58.6,8.5,25,27,0,82.8
1752,58.7,7.3,25,27,0,84.0
1753,58.6,6.8,25,27,0,82.8
1754,57.9,5.9,25,27,0,83.1
1755,56.5,7.3,25,27,0,84.6
1756,54.9,8.6,25,27,0,87.6
1757,53.9,9.2,25,27,0,86.9
1758,50.5,9.0,25,27,0,85.0
1759,46.7,8.4,25,27,0,84.5
1760,41.4,7.3,25,27,0,84.7
1761,37.0,6.0,25,27,0,86.6
1762,32.7,6.1,25,27,0,87.0
1763,28.2,7.0,25,27,0,87.0
1764,23.3,7.5,25,27,0,85.8
1765,19.3,8.0,25,27,0,84.8
1766,14.0,9.3,25,27,0,85.8
1767,8.7,9.6,25,27,0,84.2
1768,3.4,10.1,25,27,0,82.8
1769,0.0,10.1,25,27,0,77.2
1770,0.0,10.1,25,27,0,72.2
1771,0.0,10.1,25,27,0,67.7
1772,0.0,10.1,25,27,0,63.6
1773,0.0,10.1,25,27,0,59.9
1774,0.0,10.1,25,27,0,56.6
1775,4.2,11.5,25,27,0,59.4
1776,9.5,10.1,25,27,0,64.9
1777,14.8,10.1,25,27,0,65.6
1778,20.1,9.7,25,27,0,66.7
1779,25.4,8.8,25,27,0,69.6
1780,30.7,7.5,25,27,0,70.4
1781,36.0,8.0,25,27,0,74.1
1782,40.2,7.2,25,27,0,76.0
1783,41.2,8.6,25,27,0,76.1
1784,44.3,8.4,25,27,0,75.2
1785,46.7,8.2,25,27,0,78.2
1786,48.3,9.2,25,27,0,79.2
1787,48.4,10.6,25,27,0,81.1
1788,48.3,10.5,25,27,0,79.5
1789,47.8,11.8,25,27,0,78.8
1790,47.2,12.9,25,27,0,78.3
1791,46.3,13.9,25,27,0,81.5
1792,45.1,14.3,25,27,0,82.5
1793,40.2,13.7,25,27,0,83.1
1794,34.9,12.9,25,27,0,85.2
1795,29.6,12.3,25,27,0,84.1
1796,24.3,13.3,25,27,0,83.7
1797,19.0,14.6,25,27,0,86.1
1798,13.7,15.4,25,27,0,87.5
1799,8.4,16.7,25,27,0,88.3
1800,3.1,16.6,25,27,0,91.0
1801,0.0,16.6,25,27,0,84.6
1802,0.0,16.6,25,27,0,78.8
1803,0.0,16.6,25,27,0,73.6
1804,0.0,16.6,25,27,0,68.9
1805,0.0,16.6,25,27,0,64.7
1806,0.0,16.6,25,27,0,60.9
1807,0.0,16.6,25,27,0,57.5
1808,0.0,16.6,25,27,0,54.4
1809,0.0,16.6,25,27,1,51.7
1810,0.0,16.6,25,27,0,49.2
1811,0.0,16.6,25,27,0,47.0
1812,0.0,16.6,25,27,0,45.0
1813,0.0,16.6,25,27,1,43.2
1814,0.0,16.6,25,27,0,41.6
1815,0.0,16.6,25,27,0,40.1
1816,0.0,16.6,25,27,1,38.8
1817,0.0,16.6,25,27,0,37.6
1818,0.0,16.6,25,27,0,36.5
1819,0.0,16.6,25,27,0,35.6
1820,5.3,17.9,25,27,0,43.5
1821,10.6,16.4,25,27,0,48.4
1822,15.9,17.7,25,27,0,51.0
1823,21.2,17.1,25,27,0,53.4
1824,26.6,17.6,25,27,0,56.1
1825,31.9,19.0,25,27,0,58.5
1826,37.2,18.0,25,27,0,62.8
1827,42.5,19.0,25,27,0,64.6
1828,44.7,19.5,25,27,0,68.6
1829,46.8,19.2,25,27,0,70.5
1830,50.7,19.3,25,27,0,70.0
1831,53.1,20.0,25,27,0,74.5
1832,54.1,20.0,25,27,0,74.4
1833,56.0,19.1,25,27,0,78.3
1834,56.5,17.8,25,27,0,78.2
1835,57.3,19.3,25,27,0,78.5
1836,58.1,20.0,25,27,0,78.4
1837,57.9,19.4,25,27,0,79.8
1838,58.1,19.2,25,27,0,83.0
1839,58.3,20.0,25,27,0,81.9
1840,57.9,18.6,25,27,0,84.4
1841,57.5,19.3,25,27,0,86.0
1842,57.9,17.9,25,27,0,86.1
1843,57.9,17.6,25,27,0,86.8
1844,57.3,16.6,25,27,0,88.2
1845,57.1,18.0,25,27,0,87.0
1846,57.0,18.8,25,27,0,87.3
1847,56.6,19.8,25,27,0,89.1
1848,56.6,19.7,25,27,0,90.6
1849,56.6,18.3,25,28,0,88.7
1850,56.6,16.9,25,28,0,90.6
1851,56.6,15.4,25,28,0,89.8
1852,56.6,15.3,25,28,0,88.1
1853,56.3,16.2,25,28,0,90.0
1854,56.5,15.1,25,28,0,88.7
1855,56.6,14.3,25,28,0,88.9
1856,57.1,15.5,25,28,0,87.8
1857,56.6,15.5,25,28,0,90.0
1858,56.3,15.2,25,28,0,90.3
1859,56.3,16.2,25,28,0,89.6
1860,56.3,15.0,25,28,0,89.2
1861,56.0,14.0,25,28,0,91.4
1862,55.7,14.0,25,28,0,93.0
1863,55.5,15.1,25,28,0,92.8
1864,53.9,15.7,25,28,0,90.2
1865,51.5,16.7,25,28,0,92.1
1866,48.4,18.1,25,28,0,89.5
1867,45.1,18.1,25,28,0,87.1
1868,41.0,16.8,25,28,0,88.1
1869,36.2,15.4,25,28,0,88.9
1870,31.9,16.5,25,28,0,91.0
1871,26.6,17.5,25,28,0,92.2
1872,21.2,16.4,25,28,0,91.1
1873,16.6,15.7,25,28,0,89.4
1874,11.6,14.5,25,28,0,91.6
1875,6.4,13.6,25,28,0,91.0
1876,1.6,13.3,25,28,0,93.2
1877,0.0,13.3,25,28,0,86.7
